participant_id,ADHD_Outcome,Sex_F
06HFIpqKfXy9,1,1
0Dua0TUw4sNZ,0,0
0ImS6uhE3Ie9,1,1
0VHL9SCh2TfC,1,1
0X2H4LroxZcw,1,0
0idudG3MZeOR,1,1
0joIpvJZmHlM,1,1
0wdp92SlZ6os,1,0
19mb5yGJigtw,1,1
1j28gfEoCQ3o,1,0
1lqQa6Bvsvgo,1,0
1nuCB3iu56Ao,0,0
1zYwUOsWtWUO,0,0
22mg5880yUSV,1,1
3CHeLp88N9PU,1,0
3GuHHSzexdrD,0,1
3VbkvJ22j9Fu,1,1
3ex9wBx3bXzf,1,1
3ymvGMbsXkDa,0,0
47cpL5bSIaes,0,1
4QBTjDoVpVt6,1,0
4SP0VjzBYTnA,0,1
4TfoOtVqQGIS,1,1
5F9KuchRWc28,0,0
5gde2X56TEaV,0,0
5irK4m6otW7R,0,1
5nPxL5XWeWqT,1,1
66ATazbm1n2H,1,0
6g9qhyTboWDX,1,0
6mGSjnkluhCm,0,0
7U96jnm3G0nL,1,0
7UT8iirSGhRL,1,0
7Y5dXDvM5JlW,0,1
7bH7tOSH8tyL,0,1
7gx6bnmZrxKv,1,1
7uXcG7moAMys,1,0
7v5DsWe80ek1,0,1
88IME13c7xDB,1,1
8EcGmW8AXSPl,1,0
8GLRwVrATqDq,0,1
8OuOUWiYizQT,1,1
8RcAlHO2Z7Z5,1,1
8js31yKXtVtT,1,1
8uNQKfpBZKGT,1,1
9CH7UxXuznUa,1,0
9MLL7pYQEsHg,0,1
9OsyiuTB9ARL,0,1
9bB7cb8GIt55,0,0
9dIzgZgU0t2O,1,1
9uCWNQLzILyS,0,1
AlhAMyz7XRmc,1,0
Aqr7TbYLogDt,1,1
Bct9jCffkwTU,0,1
Bf8xkS0DgEdq,0,0
BpzyExrET5ta,1,1
BxG4CGNyBthY,1,1
CHEK30GPB53F,1,1
CHK7PetkESpw,1,1
CZ6cLlIFT8C7,0,0
CdwfVAJW6U21,0,0
Cfwaf5FX7jWK,1,1
Cm1JesyqVvvU,0,1
DaveDB2gyn6A,0,1
DgwxZPoFWSFV,1,0
DkwrzlcjCXzl,0,0
DuVUuyMZi5qV,1,0
E3MvDUtJadc5,1,1
E5WW2AJI3cmY,0,0
EQdMyNMDvWuv,0,1
EUN1xz5MmK3h,1,0
EjMbGKIXc6xh,1,1
EnFOUv0YK1RG,1,1
EqjgIpp1uQFT,1,1
FJ14ni1wdpx0,1,0
FMKnba82Blol,1,1
FUBvB3niWLlN,1,1
FZZFnxIITvIb,1,1
Fj9A5PWsIWKT,1,0
Fkys1lBZ0EYl,1,0
FvnoZ1q1rX2c,0,0
G4HH3C3252g1,1,1
GYQvyFy7QF7z,0,1
GpBWQZEEB8Na,0,0
GtKTU9RdYH88,1,0
GusOn8clPEcS,0,0
HEv7u3wwBUID,0,1
HfAWB7M67jZ7,1,1
HuavjkfJT3Ra,1,0
HynLNt7eOUu6,1,1
I7wdCrc41LkV,1,1
IDLPcayOzo7t,1,0
IFfLWRuXYCud,1,0
IUEHiLmQAqCi,1,0
IbF3zW0Wbx4Q,1,1
Il8Z3DuXaX9D,0,0
J6jcTOKF9FKI,1,1
JDCneyZ2d8oS,0,0
JHgSIO5g9kyN,0,1
JOL7WOOECWqz,0,0
JPbjWX5WRMo5,0,1
JhsrI2yTZUCS,1,0
JjO5xmUVZlHV,0,1
Jv1UeLkc4beo,1,1
K3TeYDSt1D69,1,0
KK1MoDOaknzz,0,1
KOhyaYYWH4J7,1,1
KlEGztcVpqQM,1,1
LZfeAb1xMtql,1,1
LbvK4T5h6Bgg,1,0
Lf1aRmgJMGzn,1,1
Ljl0uwPY3cHC,0,1
Ljvrs76QJuI5,1,0
LsErFKyD0Amx,1,0
MGSeDY5xsLcH,1,0
MOjMYkTSkCT0,1,1
MbnL2SsZ3SfN,1,1
MdR8Vu1UGsUh,1,0
NPqPE9t9ANPY,0,1
NSvVb4rAbXKU,1,1
NUD1SQ26nGwx,1,1
Nm0QSvXNt8IL,1,0
NppPTQNMYrDr,0,1
OCfNYCcRM3dw,0,1
OuMuraCnt34F,0,1
Oyju5jxQgUSe,1,0
PDtAgNUCR1F1,0,1
PHcnlHPVth3A,1,1
PJvfoHAcsFop,1,1
PKmY55L3l7nh,1,1
PRKZcnOgqcuk,1,0
PXgJvd8UZ9fe,1,1
Qf7YnjK9A9Nr,1,0
R1WkyITqb6j5,1,1
R5GuhuSlgOO7,1,0
RBUqOe8h6Rjz,1,1
REHeZZWpqbXA,0,1
RZKV9tFLkC9q,1,0
RfNlGWXzHH3K,1,0
Rl4ewZ2JsYiu,1,1
RlH1HdX1zOXp,1,1
S2aUm7iSCh8K,1,0
SEpZVWxwPwzJ,1,1
SU2iR4dZt71Q,0,0
T3jFzkEFn2lB,1,1
T7MMp5ZjZIP7,1,1
ThzfJlzfC5zm,1,0
UHnGiDNksa0x,1,0
ULliyEXjy4OV,1,1
UOohdAfiU2WX,1,1
UZ4wZJktSjXM,1,0
UadZfjdEg7eG,1,1
V62GcAZSGGHt,1,0
VHaWyqk3brmj,1,1
VsAjWDqZH10d,1,1
WDaVjmgqDtdH,0,0
WVyjBIVNp84k,1,0
Wm8vHtUOTSdK,1,0
WswtU2xjkwrJ,1,0
X8fHsDpoMCrc,1,0
XsnFuC5RuxEj,1,0
Y8y8VL92UXUp,1,1
YX2nejjQrjTE,1,1
Ya9QbWu9Oyj7,1,0
Z0CZjkr8SDlo,0,1
Z1USdfsVnnjw,0,0
ZH3fhLHNBy2N,1,1
ZVJtXjkAAp8k,1,1
ZjFv6ztsCBLY,0,1
ZnpZwNyveSC1,0,1
ZoX0gx0mL2fe,1,0
ZrhtdcUFpSDs,0,1
ZssVYalOAWOn,0,0
a4NfOjK4u0pw,0,1
aEPm4bEQvbYi,0,1
aJeuvuedrbei,0,1
b2MRYJQHtN4Q,1,0
bRHXqarRnTOl,1,0
c4XMogBDs3JV,1,1
cD8B0lz9W1Cc,1,1
cMG1xz902zCv,1,1
cRySmCadYFRO,1,1
cS46aS2dNkWt,1,0
cWVOYIyTGoPW,1,0
ceMWzYEKDxGS,1,0
cwhzTO0Vu9fs,1,0
czseCZwxGu9b,1,1
dC5XvD5A3tqo,1,0
dQJXfyRazknD,0,1
dYeoDCtqrZOk,1,0
ddE1W1SfgV7E,1,0
duMJcIFRvvUn,1,1
e4u1878wt5Vu,1,1
e5PO7MIzpSKp,1,0
eAEV7RHPm4gn,1,0
eFGeJZyaYTfW,1,1
eqXWWdeNFQoH,1,1
erkdzShJ7zHD,0,0
fJ18nx0flUWU,0,1
fLsk0v5A9QWD,1,1
fQDGE3yvi8JG,1,0
fpbYYqEmKmBP,0,1
frwFik2vzPpk,0,0
g065FaS0cDJw,0,0
g7OzSuPQs2wx,1,0
g8nC5onuX4Iu,1,1
gTo2ZwRYwLIM,1,1
geK1iR863siE,1,1
gf8iAJH7Y6LW,1,1
h1NsELdECZtN,0,1
h5uHyT7ZsggG,1,0
h5xmGEy5uNA9,1,1
hAY3GGKYCKNz,0,1
hHbDtQpct0sM,1,0
hRPuz4zpsEbw,1,0
hRtu2jZGjsqu,1,0
i103EbS97ZlA,0,1
i4PoyNNskpN2,0,1
iC4lUrNmd76W,1,0
iIM7qDzkFHrK,1,1
iQ5WKoVa0Oe8,1,1
iUhm6elzNZnR,0,0
idllOUP39Yoy,1,0
iq3Izns35R7e,0,1
jCzQwkpfgZyQ,1,0
jRKvisBZEvMV,0,1
jZz3FS9Lxw7Y,1,1
jqVfgp32Kynb,0,1
kA6qrwNv3TVN,1,1
kkMmh1GtzDLA,0,0
knYPTVqlhOOe,0,0
kxJ2iDDo7le7,0,1
lIo1EopEayvT,1,0
lviw20KdXmyz,0,1
lzsnunuLD5E9,1,1
m4i3mVopmQND,0,0
mMKlS7Xx90To,1,1
mT8A6xa1O4Ro,0,1
mby0aqc4xfJt,1,1
mca5wy8JcazG,1,1
mmW5cD4mDCyK,0,1
nJJWVTrUPKHh,1,0
nLIxzOqeY0F8,1,1
nLaCfgOfeeux,1,0
nU73zzjTnr4A,1,1
na1higV3BYix,0,1
oFqFWjZvQpdq,0,0
pJXKagbu6k5J,1,1
pQk5LK9WWNlU,1,0
pVZ5eyvBxRXh,1,0
pXjemmrXv9XU,1,1
q4kyWzfZIqDG,1,1
qxDaOMmN2fGr,1,1
r1kJWdiLnlzB,1,1
rIE98UuGpsXN,0,1
rUXfpz4ZIVqs,1,1
rUhntCqf0veY,1,1
rY7ztwsrfyfe,0,1
rZ4Djyg4w7Yv,1,1
rZRMMWCz9o54,1,1
rcUdzoimoCO3,1,1
rpLRzoX7qzUA,1,0
rsQPeuxeuzFN,0,0
sAqeb6F4lz97,1,1
sPSXo6gaMyoT,1,0
sQaDS15dgJw7,0,1
sdJvoGXQsxzG,1,1
so28UOwqRGcv,0,1
sslRc6ajaOkD,1,1
t6Yc857Xm0G1,1,0
tbZrR9R4zdPW,0,0
tcKZk7TJNjXP,1,0
tcvQwlcXDrjM,1,1
tgxIaIPsvpIG,1,0
u7XOOvHirIx7,0,0
uEZHGukIUQ0k,1,1
uHEISY6Pnlzm,1,1
uM4etVLZrgMg,1,0
uMXsb9zvFhZG,0,1
uhrbzFdVttif,0,0
ukPFRpacqtjF,0,0
v1nMpCoLGU0V,1,1
vCYoh5kuBxBn,1,0
vFUC44u3e6yc,1,1
vhGrzmvA3Hjq,0,0
wE08jf7axl4G,1,1
wfHMTWwtSFnV,0,1
x0tFPjGEtTDo,0,0
x2HGm8Cdw3pH,0,1
xGcOyShOcPRs,0,1
xMcjmmscXHRg,0,1
xb3e1IzlY1QV,0,1
xctrrQN3v50J,0,1
xdNPzLAsxshh,1,1
xeGDqEHl50Pe,1,1
xgRkRXFj22eG,1,1
xm87i9BWm3LH,1,0
xsEm3scLKQqx,1,0
y1YkOqsv0518,1,1
yYjiJsx8PM48,0,0
ypPOBnAE3X5L,1,0
z0TcjaAHc8af,0,1
zHoI2y6ghT8f,1,0
zIkbsyNlTbCK,1,1
zoCHkxMZDLeD,1,1
